{"cameraMode":{"drawMode":0,"name":"Shaded","section":"Shading Mode"},"sceneLighting":false,"audioPlay":false,"sceneViewState":{"showFog":true,"showMaterialUpdate":false,"showSkybox":true,"showFlares":true,"showImageEffects":true,"showParticleSystems":true},"in2DMode":false,"pivot":{"x":-0.3086438775062561,"y":4.706070899963379,"z":0.003676891326904297},"rotation":{"x":-0.00030966251506470144,"y":0.0020972900092601778,"z":-4.982018708687974e-7,"w":-0.9999977946281433},"size":5.082755088806152,"orthographic":false}