{"cameraMode":{"drawMode":0,"name":"Shaded","section":"Shading Mode"},"sceneLighting":false,"audioPlay":false,"sceneViewState":{"showFog":true,"showMaterialUpdate":false,"showSkybox":true,"showFlares":true,"showImageEffects":true,"showParticleSystems":true},"in2DMode":false,"pivot":{"x":-2.7006890773773195,"y":-0.20568084716796876,"z":1.5965919494628907},"rotation":{"x":-0.5473896265029907,"y":-0.012052283622324467,"z":0.007884569466114045,"w":-0.8367540240287781},"size":47.36806869506836,"orthographic":false}