{"cameraMode":{"drawMode":0,"name":"Shaded","section":"Shading Mode"},"sceneLighting":false,"audioPlay":false,"sceneViewState":{"showFog":true,"showMaterialUpdate":false,"showSkybox":true,"showFlares":true,"showImageEffects":true,"showParticleSystems":true},"in2DMode":false,"pivot":{"x":17.2255859375,"y":0.7919921875,"z":-0.04248046875},"rotation":{"x":-0.013338163495063782,"y":0.9794705510139465,"z":-0.18887951970100404,"w":-0.06916741281747818},"size":4.273701190948486,"orthographic":true}