{"cameraMode":{"drawMode":0,"name":"Shaded","section":"Shading Mode"},"sceneLighting":false,"audioPlay":false,"sceneViewState":{"showFog":true,"showMaterialUpdate":false,"showSkybox":true,"showFlares":true,"showImageEffects":true,"showParticleSystems":true},"in2DMode":false,"pivot":{"x":-1.1806222200393677,"y":-9.5367431640625e-7,"z":12.900283813476563},"rotation":{"x":-0.43050137162208559,"y":0.03950786590576172,"z":-0.01886545866727829,"w":-0.9015275239944458},"size":29.226360321044923,"orthographic":false}