{"cameraMode":{"drawMode":0,"name":"Shaded","section":"Shading Mode"},"sceneLighting":false,"audioPlay":false,"sceneViewState":{"showFog":true,"showMaterialUpdate":false,"showSkybox":true,"showFlares":true,"showImageEffects":true,"showParticleSystems":true},"in2DMode":false,"pivot":{"x":-2.7197117805480959,"y":22.283084869384767,"z":-10.544509887695313},"rotation":{"x":-0.5693064332008362,"y":-0.10992243885993958,"z":0.07715633511543274,"w":-0.8110820651054382},"size":11.943553924560547,"orthographic":false}