{"cameraMode":{"drawMode":0,"name":"Shaded","section":"Shading Mode"},"sceneLighting":false,"audioPlay":false,"sceneViewState":{"showFog":true,"showMaterialUpdate":false,"showSkybox":false,"showFlares":true,"showImageEffects":true,"showParticleSystems":true},"in2DMode":false,"pivot":{"x":13.012125968933106,"y":0.7352893352508545,"z":-1.1890792846679688},"rotation":{"x":-0.0388481505215168,"y":-0.9370682835578919,"z":0.32884475588798525,"w":-0.11070245504379273},"size":8.570673942565918,"orthographic":false}