{"cameraMode":{"drawMode":0,"name":"Shaded","section":"Shading Mode"},"sceneLighting":false,"audioPlay":false,"sceneViewState":{"showFog":true,"showMaterialUpdate":false,"showSkybox":true,"showFlares":true,"showImageEffects":true,"showParticleSystems":true},"in2DMode":false,"pivot":{"x":-8.88761043548584,"y":1.0114250183105469,"z":2.4810142517089845},"rotation":{"x":-0.4335061013698578,"y":-0.08038312196731568,"z":0.03886035457253456,"w":-0.8967167735099793},"size":26.823436737060548,"orthographic":false}