{"cameraMode":{"drawMode":0,"name":"Shaded","section":"Shading Mode"},"sceneLighting":false,"audioPlay":false,"sceneViewState":{"showFog":true,"showMaterialUpdate":false,"showSkybox":true,"showFlares":true,"showImageEffects":true,"showParticleSystems":true},"in2DMode":false,"pivot":{"x":-0.3158860206604004,"y":-5.229999542236328,"z":4.148908615112305},"rotation":{"x":-0.530175507068634,"y":-0.07079188525676727,"z":0.044482942670583728,"w":-0.8437557816505432},"size":55.35130310058594,"orthographic":false}