{"cameraMode":{"drawMode":0,"name":"Shaded","section":"Shading Mode"},"sceneLighting":false,"audioPlay":false,"sceneViewState":{"showFog":true,"showMaterialUpdate":false,"showSkybox":true,"showFlares":true,"showImageEffects":true,"showParticleSystems":true},"in2DMode":false,"pivot":{"x":691.6552734375,"y":357.6973571777344,"z":12.31982421875},"rotation":{"x":-0.000004229732439853251,"y":0.006295214872807264,"z":5.376474518925534e-7,"w":-0.9999802112579346},"size":1076.8575439453125,"orthographic":false}