{"cameraMode":{"drawMode":0,"name":"Shaded","section":"Shading Mode"},"sceneLighting":false,"audioPlay":false,"sceneViewState":{"showFog":true,"showMaterialUpdate":false,"showSkybox":true,"showFlares":true,"showImageEffects":true,"showParticleSystems":true},"in2DMode":false,"pivot":{"x":-4.1165900230407719,"y":21.915056228637697,"z":-11.57308578491211},"rotation":{"x":-0.596108078956604,"y":-0.025043757632374765,"z":0.018608272075653077,"w":-0.802297830581665},"size":21.720399856567384,"orthographic":false}