{"cameraMode":{"drawMode":0,"name":"Shaded","section":"Shading Mode"},"sceneLighting":false,"audioPlay":false,"sceneViewState":{"showFog":true,"showMaterialUpdate":false,"showSkybox":true,"showFlares":true,"showImageEffects":true,"showParticleSystems":true},"in2DMode":false,"pivot":{"x":4.495003700256348,"y":-4.083029270172119,"z":-12.759757995605469},"rotation":{"x":-0.3677293658256531,"y":0.032628148794174197,"z":-0.012911609373986721,"w":-0.9292705655097961},"size":27.31263542175293,"orthographic":false}