{"cameraMode":{"drawMode":0,"name":"Shaded","section":"Shading Mode"},"sceneLighting":false,"audioPlay":false,"sceneViewState":{"showFog":true,"showMaterialUpdate":false,"showSkybox":true,"showFlares":true,"showImageEffects":true,"showParticleSystems":true},"in2DMode":false,"pivot":{"x":373.05694580078127,"y":599.529052734375,"z":-162.1846923828125},"rotation":{"x":-0.04798511415719986,"y":0.006287997588515282,"z":-0.0003016060800291598,"w":-0.9988282322883606},"size":1825.66455078125,"orthographic":false}